[
  {
    "model": "quiz.quizzes",
    "pk": 1,
    "fields": {
      "title": "quiz_1",
      "material": 1,
      "date_created": "2024-07-19T15:05:06.894Z"
    }
  },
  {
    "model": "quiz.quizzes",
    "pk": 2,
    "fields": {
      "title": "quiz_2",
      "material": 2,
      "date_created": "2024-07-19T15:05:28.303Z"
    }
  },
  {
    "model": "quiz.quizzes",
    "pk": 3,
    "fields": {
      "title": "quiz_3",
      "material": 3,
      "date_created": "2024-07-19T15:05:41.333Z"
    }
  },
  {
    "model": "quiz.quizzes",
    "pk": 4,
    "fields": {
      "title": "quiz_4",
      "material": 4,
      "date_created": "2024-07-19T15:05:53.382Z"
    }
  },
  {
    "model": "quiz.quizzes",
    "pk": 5,
    "fields": {
      "title": "quiz_5",
      "material": 5,
      "date_created": "2024-07-19T15:06:03.767Z"
    }
  },
  {
    "model": "quiz.quizzes",
    "pk": 6,
    "fields": {
      "title": "quiz_6",
      "material": 6,
      "date_created": "2024-07-19T15:06:14.151Z"
    }
  },
  {
    "model": "quiz.quizzes",
    "pk": 7,
    "fields": {
      "title": "quiz_7",
      "material": 7,
      "date_created": "2024-07-19T15:06:27.913Z"
    }
  },
  {
    "model": "quiz.quizzes",
    "pk": 8,
    "fields": {
      "title": "quiz_8",
      "material": 8,
      "date_created": "2024-07-19T15:06:40.018Z"
    }
  },
  {
    "model": "quiz.quizzes",
    "pk": 9,
    "fields": {
      "title": "quiz_9",
      "material": 9,
      "date_created": "2024-07-19T15:06:50.745Z"
    }
  },
  {
    "model": "quiz.question",
    "pk": 1,
    "fields": {
      "date_updated": "2024-07-19T15:08:00.482Z",
      "quiz": 1,
      "title": "ques_1_1",
      "date_created": "2024-07-19T15:08:00.482Z",
      "is_active": false
    }
  },
  {
    "model": "quiz.question",
    "pk": 2,
    "fields": {
      "date_updated": "2024-07-19T15:08:34.269Z",
      "quiz": 1,
      "title": "ques_1_2",
      "date_created": "2024-07-19T15:08:34.269Z",
      "is_active": false
    }
  },
  {
    "model": "quiz.question",
    "pk": 3,
    "fields": {
      "date_updated": "2024-07-19T15:09:02.053Z",
      "quiz": 1,
      "title": "ques_1_3",
      "date_created": "2024-07-19T15:09:02.053Z",
      "is_active": false
    }
  },
  {
    "model": "quiz.question",
    "pk": 4,
    "fields": {
      "date_updated": "2024-07-19T15:09:32.242Z",
      "quiz": 2,
      "title": "ques_2_1",
      "date_created": "2024-07-19T15:09:32.242Z",
      "is_active": false
    }
  },
  {
    "model": "quiz.question",
    "pk": 5,
    "fields": {
      "date_updated": "2024-07-19T15:09:57.955Z",
      "quiz": 2,
      "title": "ques_2_2",
      "date_created": "2024-07-19T15:09:57.955Z",
      "is_active": false
    }
  },
  {
    "model": "quiz.question",
    "pk": 6,
    "fields": {
      "date_updated": "2024-07-19T15:10:22.273Z",
      "quiz": 2,
      "title": "ques_2_3",
      "date_created": "2024-07-19T15:10:22.273Z",
      "is_active": false
    }
  },
  {
    "model": "quiz.question",
    "pk": 7,
    "fields": {
      "date_updated": "2024-07-19T15:10:50.912Z",
      "quiz": 3,
      "title": "ques_3_1",
      "date_created": "2024-07-19T15:10:50.912Z",
      "is_active": false
    }
  },
  {
    "model": "quiz.question",
    "pk": 8,
    "fields": {
      "date_updated": "2024-07-19T15:11:29.003Z",
      "quiz": 3,
      "title": "ques_3_2",
      "date_created": "2024-07-19T15:11:29.003Z",
      "is_active": false
    }
  },
  {
    "model": "quiz.question",
    "pk": 9,
    "fields": {
      "date_updated": "2024-07-19T15:11:54.145Z",
      "quiz": 3,
      "title": "ques_3_3",
      "date_created": "2024-07-19T15:11:54.145Z",
      "is_active": false
    }
  },
  {
    "model": "quiz.question",
    "pk": 10,
    "fields": {
      "date_updated": "2024-07-19T15:12:23.561Z",
      "quiz": 4,
      "title": "ques_4_1",
      "date_created": "2024-07-19T15:12:23.561Z",
      "is_active": false
    }
  },
  {
    "model": "quiz.question",
    "pk": 11,
    "fields": {
      "date_updated": "2024-07-19T15:12:44.505Z",
      "quiz": 4,
      "title": "ques_4_2",
      "date_created": "2024-07-19T15:12:44.505Z",
      "is_active": false
    }
  },
  {
    "model": "quiz.question",
    "pk": 12,
    "fields": {
      "date_updated": "2024-07-19T15:13:08.748Z",
      "quiz": 4,
      "title": "ques_4_3",
      "date_created": "2024-07-19T15:13:08.748Z",
      "is_active": false
    }
  },
  {
    "model": "quiz.question",
    "pk": 13,
    "fields": {
      "date_updated": "2024-07-19T15:13:35.642Z",
      "quiz": 5,
      "title": "ques_5_1",
      "date_created": "2024-07-19T15:13:35.642Z",
      "is_active": false
    }
  },
  {
    "model": "quiz.question",
    "pk": 14,
    "fields": {
      "date_updated": "2024-07-19T15:13:57.386Z",
      "quiz": 5,
      "title": "ques_5_2",
      "date_created": "2024-07-19T15:13:57.386Z",
      "is_active": false
    }
  },
  {
    "model": "quiz.question",
    "pk": 15,
    "fields": {
      "date_updated": "2024-07-19T15:14:22.751Z",
      "quiz": 5,
      "title": "ques_5_3",
      "date_created": "2024-07-19T15:14:22.751Z",
      "is_active": false
    }
  },
  {
    "model": "quiz.question",
    "pk": 16,
    "fields": {
      "date_updated": "2024-07-19T15:14:46.350Z",
      "quiz": 6,
      "title": "ques_6_1",
      "date_created": "2024-07-19T15:14:46.350Z",
      "is_active": false
    }
  },
  {
    "model": "quiz.question",
    "pk": 17,
    "fields": {
      "date_updated": "2024-07-19T15:15:05.182Z",
      "quiz": 6,
      "title": "ques_6_2",
      "date_created": "2024-07-19T15:15:05.182Z",
      "is_active": false
    }
  },
  {
    "model": "quiz.question",
    "pk": 18,
    "fields": {
      "date_updated": "2024-07-19T15:15:27.124Z",
      "quiz": 6,
      "title": "ques_6_3",
      "date_created": "2024-07-19T15:15:27.124Z",
      "is_active": false
    }
  },
  {
    "model": "quiz.question",
    "pk": 19,
    "fields": {
      "date_updated": "2024-07-19T15:16:01.178Z",
      "quiz": 7,
      "title": "ques_7_1",
      "date_created": "2024-07-19T15:16:01.178Z",
      "is_active": false
    }
  },
  {
    "model": "quiz.question",
    "pk": 20,
    "fields": {
      "date_updated": "2024-07-19T15:16:22.536Z",
      "quiz": 7,
      "title": "ques_7_2",
      "date_created": "2024-07-19T15:16:22.536Z",
      "is_active": false
    }
  },
  {
    "model": "quiz.question",
    "pk": 21,
    "fields": {
      "date_updated": "2024-07-19T15:16:41.794Z",
      "quiz": 7,
      "title": "ques_7_3",
      "date_created": "2024-07-19T15:16:41.794Z",
      "is_active": false
    }
  },
  {
    "model": "quiz.question",
    "pk": 22,
    "fields": {
      "date_updated": "2024-07-19T15:17:03.007Z",
      "quiz": 8,
      "title": "ques_8_1",
      "date_created": "2024-07-19T15:17:03.007Z",
      "is_active": false
    }
  },
  {
    "model": "quiz.question",
    "pk": 23,
    "fields": {
      "date_updated": "2024-07-19T15:17:23.301Z",
      "quiz": 8,
      "title": "ques_8_2",
      "date_created": "2024-07-19T15:17:23.301Z",
      "is_active": false
    }
  },
  {
    "model": "quiz.question",
    "pk": 24,
    "fields": {
      "date_updated": "2024-07-19T15:17:41.556Z",
      "quiz": 8,
      "title": "ques_8_3",
      "date_created": "2024-07-19T15:17:41.556Z",
      "is_active": false
    }
  },
  {
    "model": "quiz.question",
    "pk": 25,
    "fields": {
      "date_updated": "2024-07-19T15:18:06.600Z",
      "quiz": 9,
      "title": "ques_9_1",
      "date_created": "2024-07-19T15:18:06.600Z",
      "is_active": false
    }
  },
  {
    "model": "quiz.question",
    "pk": 26,
    "fields": {
      "date_updated": "2024-07-19T15:18:24.392Z",
      "quiz": 9,
      "title": "ques_9_2",
      "date_created": "2024-07-19T15:18:24.392Z",
      "is_active": false
    }
  },
  {
    "model": "quiz.question",
    "pk": 27,
    "fields": {
      "date_updated": "2024-07-19T15:18:43.188Z",
      "quiz": 9,
      "title": "ques_9_3",
      "date_created": "2024-07-19T15:18:43.188Z",
      "is_active": false
    }
  },
  {
    "model": "quiz.answer",
    "pk": 1,
    "fields": {
      "date_updated": "2024-07-19T15:08:00.484Z",
      "user": null,
      "question": 1,
      "answer_text": "ans_1",
      "is_right": true
    }
  },
  {
    "model": "quiz.answer",
    "pk": 2,
    "fields": {
      "date_updated": "2024-07-19T15:08:00.485Z",
      "user": null,
      "question": 1,
      "answer_text": "ans_2",
      "is_right": false
    }
  },
  {
    "model": "quiz.answer",
    "pk": 3,
    "fields": {
      "date_updated": "2024-07-19T15:08:00.485Z",
      "user": null,
      "question": 1,
      "answer_text": "ans_3",
      "is_right": false
    }
  },
  {
    "model": "quiz.answer",
    "pk": 4,
    "fields": {
      "date_updated": "2024-07-19T15:08:34.270Z",
      "user": null,
      "question": 2,
      "answer_text": "ans_1",
      "is_right": false
    }
  },
  {
    "model": "quiz.answer",
    "pk": 5,
    "fields": {
      "date_updated": "2024-07-19T15:08:34.271Z",
      "user": null,
      "question": 2,
      "answer_text": "ans_2",
      "is_right": true
    }
  },
  {
    "model": "quiz.answer",
    "pk": 6,
    "fields": {
      "date_updated": "2024-07-19T15:08:34.271Z",
      "user": null,
      "question": 2,
      "answer_text": "ans_3",
      "is_right": false
    }
  },
  {
    "model": "quiz.answer",
    "pk": 7,
    "fields": {
      "date_updated": "2024-07-19T15:09:02.054Z",
      "user": null,
      "question": 3,
      "answer_text": "ans_1",
      "is_right": false
    }
  },
  {
    "model": "quiz.answer",
    "pk": 8,
    "fields": {
      "date_updated": "2024-07-19T15:09:02.055Z",
      "user": null,
      "question": 3,
      "answer_text": "ans_2",
      "is_right": false
    }
  },
  {
    "model": "quiz.answer",
    "pk": 9,
    "fields": {
      "date_updated": "2024-07-19T15:09:02.055Z",
      "user": null,
      "question": 3,
      "answer_text": "ans_3",
      "is_right": true
    }
  },
  {
    "model": "quiz.answer",
    "pk": 10,
    "fields": {
      "date_updated": "2024-07-19T15:09:32.243Z",
      "user": null,
      "question": 4,
      "answer_text": "ans_1",
      "is_right": true
    }
  },
  {
    "model": "quiz.answer",
    "pk": 11,
    "fields": {
      "date_updated": "2024-07-19T15:09:32.243Z",
      "user": null,
      "question": 4,
      "answer_text": "ans_2",
      "is_right": false
    }
  },
  {
    "model": "quiz.answer",
    "pk": 12,
    "fields": {
      "date_updated": "2024-07-19T15:09:32.244Z",
      "user": null,
      "question": 4,
      "answer_text": "ans_3",
      "is_right": false
    }
  },
  {
    "model": "quiz.answer",
    "pk": 13,
    "fields": {
      "date_updated": "2024-07-19T15:09:57.957Z",
      "user": null,
      "question": 5,
      "answer_text": "ans_1",
      "is_right": false
    }
  },
  {
    "model": "quiz.answer",
    "pk": 14,
    "fields": {
      "date_updated": "2024-07-19T15:09:57.958Z",
      "user": null,
      "question": 5,
      "answer_text": "ans_2",
      "is_right": true
    }
  },
  {
    "model": "quiz.answer",
    "pk": 15,
    "fields": {
      "date_updated": "2024-07-19T15:09:57.958Z",
      "user": null,
      "question": 5,
      "answer_text": "ans_3",
      "is_right": false
    }
  },
  {
    "model": "quiz.answer",
    "pk": 16,
    "fields": {
      "date_updated": "2024-07-19T15:10:22.274Z",
      "user": null,
      "question": 6,
      "answer_text": "ans_1",
      "is_right": false
    }
  },
  {
    "model": "quiz.answer",
    "pk": 17,
    "fields": {
      "date_updated": "2024-07-19T15:10:22.275Z",
      "user": null,
      "question": 6,
      "answer_text": "ans_2",
      "is_right": false
    }
  },
  {
    "model": "quiz.answer",
    "pk": 18,
    "fields": {
      "date_updated": "2024-07-19T15:10:22.276Z",
      "user": null,
      "question": 6,
      "answer_text": "ans_3",
      "is_right": true
    }
  },
  {
    "model": "quiz.answer",
    "pk": 19,
    "fields": {
      "date_updated": "2024-07-19T15:10:50.914Z",
      "user": null,
      "question": 7,
      "answer_text": "ans_1",
      "is_right": true
    }
  },
  {
    "model": "quiz.answer",
    "pk": 20,
    "fields": {
      "date_updated": "2024-07-19T15:10:50.915Z",
      "user": null,
      "question": 7,
      "answer_text": "ans_2",
      "is_right": false
    }
  },
  {
    "model": "quiz.answer",
    "pk": 21,
    "fields": {
      "date_updated": "2024-07-19T15:10:50.915Z",
      "user": null,
      "question": 7,
      "answer_text": "ans_3",
      "is_right": false
    }
  },
  {
    "model": "quiz.answer",
    "pk": 22,
    "fields": {
      "date_updated": "2024-07-19T15:11:29.004Z",
      "user": null,
      "question": 8,
      "answer_text": "ans_1",
      "is_right": false
    }
  },
  {
    "model": "quiz.answer",
    "pk": 23,
    "fields": {
      "date_updated": "2024-07-19T15:11:29.005Z",
      "user": null,
      "question": 8,
      "answer_text": "ans_2",
      "is_right": true
    }
  },
  {
    "model": "quiz.answer",
    "pk": 24,
    "fields": {
      "date_updated": "2024-07-19T15:11:29.005Z",
      "user": null,
      "question": 8,
      "answer_text": "ans_3",
      "is_right": false
    }
  },
  {
    "model": "quiz.answer",
    "pk": 25,
    "fields": {
      "date_updated": "2024-07-19T15:11:54.146Z",
      "user": null,
      "question": 9,
      "answer_text": "ans_1",
      "is_right": false
    }
  },
  {
    "model": "quiz.answer",
    "pk": 26,
    "fields": {
      "date_updated": "2024-07-19T15:11:54.147Z",
      "user": null,
      "question": 9,
      "answer_text": "ans_2",
      "is_right": false
    }
  },
  {
    "model": "quiz.answer",
    "pk": 27,
    "fields": {
      "date_updated": "2024-07-19T15:11:54.147Z",
      "user": null,
      "question": 9,
      "answer_text": "ans_3",
      "is_right": true
    }
  },
  {
    "model": "quiz.answer",
    "pk": 28,
    "fields": {
      "date_updated": "2024-07-19T15:12:23.563Z",
      "user": null,
      "question": 10,
      "answer_text": "ans_1",
      "is_right": true
    }
  },
  {
    "model": "quiz.answer",
    "pk": 29,
    "fields": {
      "date_updated": "2024-07-19T15:12:23.564Z",
      "user": null,
      "question": 10,
      "answer_text": "ans_2",
      "is_right": false
    }
  },
  {
    "model": "quiz.answer",
    "pk": 30,
    "fields": {
      "date_updated": "2024-07-19T15:12:23.564Z",
      "user": null,
      "question": 10,
      "answer_text": "ans_3",
      "is_right": false
    }
  },
  {
    "model": "quiz.answer",
    "pk": 31,
    "fields": {
      "date_updated": "2024-07-19T15:12:44.506Z",
      "user": null,
      "question": 11,
      "answer_text": "ans_1",
      "is_right": false
    }
  },
  {
    "model": "quiz.answer",
    "pk": 32,
    "fields": {
      "date_updated": "2024-07-19T15:12:44.507Z",
      "user": null,
      "question": 11,
      "answer_text": "ans_2",
      "is_right": true
    }
  },
  {
    "model": "quiz.answer",
    "pk": 33,
    "fields": {
      "date_updated": "2024-07-19T15:12:44.508Z",
      "user": null,
      "question": 11,
      "answer_text": "ans_3",
      "is_right": false
    }
  },
  {
    "model": "quiz.answer",
    "pk": 34,
    "fields": {
      "date_updated": "2024-07-19T15:13:08.749Z",
      "user": null,
      "question": 12,
      "answer_text": "ans_1",
      "is_right": false
    }
  },
  {
    "model": "quiz.answer",
    "pk": 35,
    "fields": {
      "date_updated": "2024-07-19T15:13:08.750Z",
      "user": null,
      "question": 12,
      "answer_text": "ans_2",
      "is_right": false
    }
  },
  {
    "model": "quiz.answer",
    "pk": 36,
    "fields": {
      "date_updated": "2024-07-19T15:13:08.751Z",
      "user": null,
      "question": 12,
      "answer_text": "ans_3",
      "is_right": true
    }
  },
  {
    "model": "quiz.answer",
    "pk": 37,
    "fields": {
      "date_updated": "2024-07-19T15:13:35.643Z",
      "user": null,
      "question": 13,
      "answer_text": "ans_1",
      "is_right": true
    }
  },
  {
    "model": "quiz.answer",
    "pk": 38,
    "fields": {
      "date_updated": "2024-07-19T15:13:35.644Z",
      "user": null,
      "question": 13,
      "answer_text": "ans_2",
      "is_right": false
    }
  },
  {
    "model": "quiz.answer",
    "pk": 39,
    "fields": {
      "date_updated": "2024-07-19T15:13:35.645Z",
      "user": null,
      "question": 13,
      "answer_text": "ans_3",
      "is_right": false
    }
  },
  {
    "model": "quiz.answer",
    "pk": 40,
    "fields": {
      "date_updated": "2024-07-19T15:13:57.387Z",
      "user": null,
      "question": 14,
      "answer_text": "ans_1",
      "is_right": false
    }
  },
  {
    "model": "quiz.answer",
    "pk": 41,
    "fields": {
      "date_updated": "2024-07-19T15:13:57.388Z",
      "user": null,
      "question": 14,
      "answer_text": "ans_2",
      "is_right": true
    }
  },
  {
    "model": "quiz.answer",
    "pk": 42,
    "fields": {
      "date_updated": "2024-07-19T15:13:57.389Z",
      "user": null,
      "question": 14,
      "answer_text": "ans_3",
      "is_right": false
    }
  },
  {
    "model": "quiz.answer",
    "pk": 43,
    "fields": {
      "date_updated": "2024-07-19T15:14:22.752Z",
      "user": null,
      "question": 15,
      "answer_text": "ans_1",
      "is_right": false
    }
  },
  {
    "model": "quiz.answer",
    "pk": 44,
    "fields": {
      "date_updated": "2024-07-19T15:14:22.752Z",
      "user": null,
      "question": 15,
      "answer_text": "ans_2",
      "is_right": false
    }
  },
  {
    "model": "quiz.answer",
    "pk": 45,
    "fields": {
      "date_updated": "2024-07-19T15:14:22.753Z",
      "user": null,
      "question": 15,
      "answer_text": "ans_3",
      "is_right": true
    }
  },
  {
    "model": "quiz.answer",
    "pk": 46,
    "fields": {
      "date_updated": "2024-07-19T15:14:46.351Z",
      "user": null,
      "question": 16,
      "answer_text": "ans_1",
      "is_right": true
    }
  },
  {
    "model": "quiz.answer",
    "pk": 47,
    "fields": {
      "date_updated": "2024-07-19T15:14:46.352Z",
      "user": null,
      "question": 16,
      "answer_text": "ans_2",
      "is_right": false
    }
  },
  {
    "model": "quiz.answer",
    "pk": 48,
    "fields": {
      "date_updated": "2024-07-19T15:14:46.352Z",
      "user": null,
      "question": 16,
      "answer_text": "ans_3",
      "is_right": false
    }
  },
  {
    "model": "quiz.answer",
    "pk": 49,
    "fields": {
      "date_updated": "2024-07-19T15:15:05.183Z",
      "user": null,
      "question": 17,
      "answer_text": "ans_1",
      "is_right": false
    }
  },
  {
    "model": "quiz.answer",
    "pk": 50,
    "fields": {
      "date_updated": "2024-07-19T15:15:05.185Z",
      "user": null,
      "question": 17,
      "answer_text": "ans_2",
      "is_right": true
    }
  },
  {
    "model": "quiz.answer",
    "pk": 51,
    "fields": {
      "date_updated": "2024-07-19T15:15:05.185Z",
      "user": null,
      "question": 17,
      "answer_text": "ans_3",
      "is_right": false
    }
  },
  {
    "model": "quiz.answer",
    "pk": 52,
    "fields": {
      "date_updated": "2024-07-19T15:15:27.126Z",
      "user": null,
      "question": 18,
      "answer_text": "ans_1",
      "is_right": false
    }
  },
  {
    "model": "quiz.answer",
    "pk": 53,
    "fields": {
      "date_updated": "2024-07-19T15:15:27.126Z",
      "user": null,
      "question": 18,
      "answer_text": "ans_2",
      "is_right": false
    }
  },
  {
    "model": "quiz.answer",
    "pk": 54,
    "fields": {
      "date_updated": "2024-07-19T15:15:27.127Z",
      "user": null,
      "question": 18,
      "answer_text": "ans_3",
      "is_right": true
    }
  },
  {
    "model": "quiz.answer",
    "pk": 55,
    "fields": {
      "date_updated": "2024-07-19T15:16:01.179Z",
      "user": null,
      "question": 19,
      "answer_text": "ans_1",
      "is_right": true
    }
  },
  {
    "model": "quiz.answer",
    "pk": 56,
    "fields": {
      "date_updated": "2024-07-19T15:16:01.180Z",
      "user": null,
      "question": 19,
      "answer_text": "ans_2",
      "is_right": false
    }
  },
  {
    "model": "quiz.answer",
    "pk": 57,
    "fields": {
      "date_updated": "2024-07-19T15:16:01.181Z",
      "user": null,
      "question": 19,
      "answer_text": "ans_3",
      "is_right": false
    }
  },
  {
    "model": "quiz.answer",
    "pk": 58,
    "fields": {
      "date_updated": "2024-07-19T15:16:22.537Z",
      "user": null,
      "question": 20,
      "answer_text": "ans_1",
      "is_right": false
    }
  },
  {
    "model": "quiz.answer",
    "pk": 59,
    "fields": {
      "date_updated": "2024-07-19T15:16:22.538Z",
      "user": null,
      "question": 20,
      "answer_text": "ans_2",
      "is_right": true
    }
  },
  {
    "model": "quiz.answer",
    "pk": 60,
    "fields": {
      "date_updated": "2024-07-19T15:16:22.538Z",
      "user": null,
      "question": 20,
      "answer_text": "ans_3",
      "is_right": false
    }
  },
  {
    "model": "quiz.answer",
    "pk": 61,
    "fields": {
      "date_updated": "2024-07-19T15:16:41.795Z",
      "user": null,
      "question": 21,
      "answer_text": "ans_1",
      "is_right": false
    }
  },
  {
    "model": "quiz.answer",
    "pk": 62,
    "fields": {
      "date_updated": "2024-07-19T15:16:41.796Z",
      "user": null,
      "question": 21,
      "answer_text": "ans_2",
      "is_right": false
    }
  },
  {
    "model": "quiz.answer",
    "pk": 63,
    "fields": {
      "date_updated": "2024-07-19T15:16:41.796Z",
      "user": null,
      "question": 21,
      "answer_text": "ans_3",
      "is_right": true
    }
  },
  {
    "model": "quiz.answer",
    "pk": 64,
    "fields": {
      "date_updated": "2024-07-19T15:17:03.008Z",
      "user": null,
      "question": 22,
      "answer_text": "ans_1",
      "is_right": true
    }
  },
  {
    "model": "quiz.answer",
    "pk": 65,
    "fields": {
      "date_updated": "2024-07-19T15:17:03.009Z",
      "user": null,
      "question": 22,
      "answer_text": "ans_2",
      "is_right": false
    }
  },
  {
    "model": "quiz.answer",
    "pk": 66,
    "fields": {
      "date_updated": "2024-07-19T15:17:03.009Z",
      "user": null,
      "question": 22,
      "answer_text": "ans_3",
      "is_right": false
    }
  },
  {
    "model": "quiz.answer",
    "pk": 67,
    "fields": {
      "date_updated": "2024-07-19T15:17:23.302Z",
      "user": null,
      "question": 23,
      "answer_text": "ans_1",
      "is_right": false
    }
  },
  {
    "model": "quiz.answer",
    "pk": 68,
    "fields": {
      "date_updated": "2024-07-19T15:17:23.302Z",
      "user": null,
      "question": 23,
      "answer_text": "ans_2",
      "is_right": true
    }
  },
  {
    "model": "quiz.answer",
    "pk": 69,
    "fields": {
      "date_updated": "2024-07-19T15:17:23.303Z",
      "user": null,
      "question": 23,
      "answer_text": "ans_3",
      "is_right": false
    }
  },
  {
    "model": "quiz.answer",
    "pk": 70,
    "fields": {
      "date_updated": "2024-07-19T15:17:41.558Z",
      "user": null,
      "question": 24,
      "answer_text": "ans_1",
      "is_right": false
    }
  },
  {
    "model": "quiz.answer",
    "pk": 71,
    "fields": {
      "date_updated": "2024-07-19T15:17:41.558Z",
      "user": null,
      "question": 24,
      "answer_text": "ans_2",
      "is_right": false
    }
  },
  {
    "model": "quiz.answer",
    "pk": 72,
    "fields": {
      "date_updated": "2024-07-19T15:17:41.559Z",
      "user": null,
      "question": 24,
      "answer_text": "ans_3",
      "is_right": true
    }
  },
  {
    "model": "quiz.answer",
    "pk": 73,
    "fields": {
      "date_updated": "2024-07-19T15:18:06.601Z",
      "user": null,
      "question": 25,
      "answer_text": "ans_1",
      "is_right": true
    }
  },
  {
    "model": "quiz.answer",
    "pk": 74,
    "fields": {
      "date_updated": "2024-07-19T15:18:06.602Z",
      "user": null,
      "question": 25,
      "answer_text": "ans_2",
      "is_right": false
    }
  },
  {
    "model": "quiz.answer",
    "pk": 75,
    "fields": {
      "date_updated": "2024-07-19T15:18:06.603Z",
      "user": null,
      "question": 25,
      "answer_text": "ans_3",
      "is_right": false
    }
  },
  {
    "model": "quiz.answer",
    "pk": 76,
    "fields": {
      "date_updated": "2024-07-19T15:18:24.393Z",
      "user": null,
      "question": 26,
      "answer_text": "ans_1",
      "is_right": false
    }
  },
  {
    "model": "quiz.answer",
    "pk": 77,
    "fields": {
      "date_updated": "2024-07-19T15:18:24.394Z",
      "user": null,
      "question": 26,
      "answer_text": "ans_2",
      "is_right": true
    }
  },
  {
    "model": "quiz.answer",
    "pk": 78,
    "fields": {
      "date_updated": "2024-07-19T15:18:24.394Z",
      "user": null,
      "question": 26,
      "answer_text": "ans_3",
      "is_right": false
    }
  },
  {
    "model": "quiz.answer",
    "pk": 79,
    "fields": {
      "date_updated": "2024-07-19T15:18:43.189Z",
      "user": null,
      "question": 27,
      "answer_text": "ans_1",
      "is_right": false
    }
  },
  {
    "model": "quiz.answer",
    "pk": 80,
    "fields": {
      "date_updated": "2024-07-19T15:18:43.190Z",
      "user": null,
      "question": 27,
      "answer_text": "ans_2",
      "is_right": false
    }
  },
  {
    "model": "quiz.answer",
    "pk": 81,
    "fields": {
      "date_updated": "2024-07-19T15:18:43.190Z",
      "user": null,
      "question": 27,
      "answer_text": "ans_3",
      "is_right": true
    }
  }
]